,accuracy,cv best f1,test macro avg f1,Train AUC,Test AUC
KNearestNeighbors,0.615,0.6038490131448616,0.6083234325706771,0.9654722222222223,0.9124583333333331
LogisticRegression,0.7,0.6855774979445078,0.6919094661989676,0.979939236111111,0.9497499999999999
SVM,0.705,0.7107269150068929,0.6981523506523506,0.9999878472222223,0.9568888888888887
XGBoost,0.725,0.6868906842093553,0.7190127262998501,1.0,0.9518888888888888
GradientBoostingClassifier,0.7,0.6876052253578869,0.6902942113748601,1.0,0.9515277777777778
